{"loss": [1.3469572067260742, 1.2145957946777344, 1.0834903717041016, 0.9836130142211914, 0.9402182698249817, 0.848389744758606, 0.8012569546699524, 0.7507861852645874, 0.6984320282936096, 0.6548235416412354, 0.613572359085083, 0.6093516945838928, 0.5496730804443359, 0.5349276065826416, 0.5019575953483582, 0.463866651058197, 0.4319935441017151, 0.423053503036499, 0.39315804839134216, 0.35555747151374817], "accuracy": [0.5208333134651184, 0.5807291865348816, 0.6328125, 0.6762152910232544, 0.7022569179534912, 0.7447916865348816, 0.7473958134651184, 0.7873263955116272, 0.7977430820465088, 0.8072916865348816, 0.8428819179534912, 0.8298611044883728, 0.8628472089767456, 0.8663194179534912, 0.8793402910232544, 0.8984375, 0.9071180820465088, 0.9045138955116272, 0.9236111044883728, 0.9366319179534912], "val_loss": [1.4243640899658203, 1.351301670074463, 1.2673677206039429, 1.2947040796279907, 1.19390869140625, 1.173719882965088, 1.15633225440979, 1.2354732751846313, 1.159757137298584, 1.0944187641143799, 1.1108624935150146, 1.1251598596572876, 1.0689836740493774, 1.0543084144592285, 1.0611231327056885, 1.1004629135131836, 1.0267977714538574, 1.0422526597976685, 1.0571694374084473, 1.0293910503387451], "val_accuracy": [0.5069444179534912, 0.5034722089767456, 0.5381944179534912, 0.5555555820465088, 0.5763888955116272, 0.5520833134651184, 0.5590277910232544, 0.5590277910232544, 0.5902777910232544, 0.6284722089767456, 0.6041666865348816, 0.5972222089767456, 0.6041666865348816, 0.6388888955116272, 0.6319444179534912, 0.5972222089767456, 0.6527777910232544, 0.6284722089767456, 0.6006944179534912, 0.6215277910232544]}