{"loss": [3.0350468158721924, 1.3613375425338745, 0.9792845249176025, 0.7713538408279419, 0.5945273637771606, 0.46836817264556885, 0.3652796745300293, 0.2705478072166443, 0.23676641285419464, 0.16708868741989136, 0.1340179443359375, 0.12396255880594254, 0.08513452112674713, 0.07291576266288757, 0.05992252379655838, 0.054490458220243454, 0.04526497423648834, 0.04049336910247803, 0.03620012104511261, 0.03321729600429535], "accuracy": [0.2664930522441864, 0.5303819179534912, 0.6553819179534912, 0.7621527910232544, 0.8194444179534912, 0.8671875, 0.9236111044883728, 0.9592013955116272, 0.9670138955116272, 0.9852430820465088, 0.9965277910232544, 0.9956597089767456, 1.0, 1.0, 1.0, 1.0, 1.0, 1.0, 1.0, 1.0], "val_loss": [2.0447633266448975, 1.553987979888916, 1.413214921951294, 1.369240641593933, 1.3575122356414795, 1.3639366626739502, 1.288187861442566, 1.4667067527770996, 1.3160136938095093, 1.3014512062072754, 1.3545475006103516, 1.2952874898910522, 1.3142149448394775, 1.297544240951538, 1.317041277885437, 1.3114324808120728, 1.3153849840164185, 1.3432329893112183, 1.3145681619644165, 1.3329720497131348], "val_accuracy": [0.3506944477558136, 0.4444444477558136, 0.4826388955116272, 0.5104166865348816, 0.5173611044883728, 0.5173611044883728, 0.5625, 0.5069444179534912, 0.5277777910232544, 0.5451388955116272, 0.5659722089767456, 0.5694444179534912, 0.5659722089767456, 0.5451388955116272, 0.5451388955116272, 0.5729166865348816, 0.5555555820465088, 0.5486111044883728, 0.5694444179534912, 0.5729166865348816]}