{"loss": [4.065304756164551, 2.1088125705718994, 2.134934902191162, 2.0157642364501953, 2.1601369380950928, 1.9949406385421753, 2.056107759475708, 1.9788926839828491, 1.8500739336013794, 1.9290771484375, 1.9175493717193604, 1.9197438955307007, 1.9330496788024902, 1.8657774925231934, 1.7321527004241943, 1.7119392156600952, 1.9585249423980713, 1.7979406118392944, 1.7374823093414307, 1.7949167490005493], "accuracy": [0.1414930522441864, 0.2118055522441864, 0.2222222238779068, 0.2326388955116272, 0.2430555522441864, 0.2690972089767456, 0.2369791716337204, 0.2682291567325592, 0.2977430522441864, 0.2916666567325592, 0.2847222089767456, 0.3020833432674408, 0.2925347089767456, 0.3159722089767456, 0.3602430522441864, 0.3628472089767456, 0.3055555522441864, 0.3289930522441864, 0.34375, 0.3506944477558136], "val_loss": [2.2176339626312256, 2.117175340652466, 2.0473453998565674, 2.1481051445007324, 1.8242827653884888, 1.998558521270752, 2.0295474529266357, 1.8890389204025269, 1.9237393140792847, 1.8001474142074585, 1.958484172821045, 1.8114632368087769, 1.8326176404953003, 1.8013076782226562, 1.8075928688049316, 1.6963131427764893, 1.990172266960144, 1.73720383644104, 2.027188777923584, 1.9175381660461426], "val_accuracy": [0.1388888955116272, 0.1701388955116272, 0.25, 0.2083333283662796, 0.28125, 0.1909722238779068, 0.2881944477558136, 0.2361111044883728, 0.2743055522441864, 0.3159722089767456, 0.2604166567325592, 0.3298611044883728, 0.3368055522441864, 0.3020833432674408, 0.3125, 0.3715277910232544, 0.2951388955116272, 0.3402777910232544, 0.2465277761220932, 0.3055555522441864]}